recorded_at,building,resource,value,unit
2014-06-03T00:00:00+05:30,IIIT-Delhi Academic Block,energy,33.7659,kWh
2014-06-03T01:00:00+05:30,IIIT-Delhi Academic Block,energy,19.4803,kWh
2014-06-03T02:00:00+05:30,IIIT-Delhi Academic Block,energy,17.6571,kWh
2014-06-03T03:00:00+05:30,IIIT-Delhi Academic Block,energy,16.8712,kWh
2014-06-03T04:00:00+05:30,IIIT-Delhi Academic Block,energy,15.6874,kWh
2014-06-03T05:00:00+05:30,IIIT-Delhi Academic Block,energy,9.511,kWh
2014-06-03T06:00:00+05:30,IIIT-Delhi Academic Block,energy,7.8161,kWh
2014-06-03T07:00:00+05:30,IIIT-Delhi Academic Block,energy,9.0058,kWh
2014-06-03T08:00:00+05:30,IIIT-Delhi Academic Block,energy,18.1664,kWh
2014-06-03T09:00:00+05:30,IIIT-Delhi Academic Block,energy,36.9457,kWh
2014-06-03T10:00:00+05:30,IIIT-Delhi Academic Block,energy,40.2386,kWh
2014-06-03T11:00:00+05:30,IIIT-Delhi Academic Block,energy,45.828,kWh
2014-06-03T12:00:00+05:30,IIIT-Delhi Academic Block,energy,43.6139,kWh
2014-06-03T13:00:00+05:30,IIIT-Delhi Academic Block,energy,41.7632,kWh
2014-06-03T14:00:00+05:30,IIIT-Delhi Academic Block,energy,39.6792,kWh
2014-06-03T15:00:00+05:30,IIIT-Delhi Academic Block,energy,40.952,kWh
2014-06-03T16:00:00+05:30,IIIT-Delhi Academic Block,energy,40.5651,kWh
2014-06-03T17:00:00+05:30,IIIT-Delhi Academic Block,energy,39.5096,kWh
2014-06-03T18:00:00+05:30,IIIT-Delhi Academic Block,energy,22.579,kWh
2014-06-03T19:00:00+05:30,IIIT-Delhi Academic Block,energy,21.535,kWh
2014-06-03T20:00:00+05:30,IIIT-Delhi Academic Block,energy,21.6882,kWh
2014-06-03T21:00:00+05:30,IIIT-Delhi Academic Block,energy,25.2572,kWh
2014-06-03T22:00:00+05:30,IIIT-Delhi Academic Block,energy,39.1335,kWh
2014-06-03T23:00:00+05:30,IIIT-Delhi Academic Block,energy,38.1863,kWh
2014-06-04T00:00:00+05:30,IIIT-Delhi Academic Block,energy,27.1662,kWh
2014-06-04T01:00:00+05:30,IIIT-Delhi Academic Block,energy,18.1878,kWh
2014-06-04T02:00:00+05:30,IIIT-Delhi Academic Block,energy,16.9441,kWh
2014-06-04T03:00:00+05:30,IIIT-Delhi Academic Block,energy,16.0794,kWh
2014-06-04T04:00:00+05:30,IIIT-Delhi Academic Block,energy,15.5979,kWh
2014-06-04T05:00:00+05:30,IIIT-Delhi Academic Block,energy,9.884,kWh
2014-06-04T06:00:00+05:30,IIIT-Delhi Academic Block,energy,6.8094,kWh
2014-06-04T07:00:00+05:30,IIIT-Delhi Academic Block,energy,7.6479,kWh
2014-06-04T08:00:00+05:30,IIIT-Delhi Academic Block,energy,11.8939,kWh
2014-06-04T09:00:00+05:30,IIIT-Delhi Academic Block,energy,29.792,kWh
2014-06-04T10:00:00+05:30,IIIT-Delhi Academic Block,energy,41.3868,kWh
2014-06-04T11:00:00+05:30,IIIT-Delhi Academic Block,energy,45.9401,kWh
2014-06-04T12:00:00+05:30,IIIT-Delhi Academic Block,energy,46.2184,kWh
2014-06-04T13:00:00+05:30,IIIT-Delhi Academic Block,energy,43.1115,kWh
2014-06-04T14:00:00+05:30,IIIT-Delhi Academic Block,energy,42.8249,kWh
2014-06-04T15:00:00+05:30,IIIT-Delhi Academic Block,energy,44.5506,kWh
2014-06-04T16:00:00+05:30,IIIT-Delhi Academic Block,energy,45.4842,kWh
2014-06-04T17:00:00+05:30,IIIT-Delhi Academic Block,energy,44.1058,kWh
2014-06-04T18:00:00+05:30,IIIT-Delhi Academic Block,energy,28.2719,kWh
2014-06-04T19:00:00+05:30,IIIT-Delhi Academic Block,energy,20.8066,kWh
2014-06-04T20:00:00+05:30,IIIT-Delhi Academic Block,energy,20.9863,kWh
2014-06-04T21:00:00+05:30,IIIT-Delhi Academic Block,energy,28.1068,kWh
2014-06-04T22:00:00+05:30,IIIT-Delhi Academic Block,energy,37.731,kWh
2014-06-04T23:00:00+05:30,IIIT-Delhi Academic Block,energy,35.9403,kWh
2014-06-06T00:00:00+05:30,IIIT-Delhi Academic Block,energy,22.7902,kWh
2014-06-06T01:00:00+05:30,IIIT-Delhi Academic Block,energy,20.3762,kWh
2014-06-06T02:00:00+05:30,IIIT-Delhi Academic Block,energy,18.9416,kWh
2014-06-06T03:00:00+05:30,IIIT-Delhi Academic Block,energy,18.7429,kWh
2014-06-06T04:00:00+05:30,IIIT-Delhi Academic Block,energy,16.8761,kWh
2014-06-06T05:00:00+05:30,IIIT-Delhi Academic Block,energy,12.8175,kWh
2014-06-06T06:00:00+05:30,IIIT-Delhi Academic Block,energy,8.9053,kWh
2014-06-06T07:00:00+05:30,IIIT-Delhi Academic Block,energy,10.2721,kWh
2014-06-06T08:00:00+05:30,IIIT-Delhi Academic Block,energy,15.3517,kWh
2014-06-06T09:00:00+05:30,IIIT-Delhi Academic Block,energy,33.353,kWh
2014-06-06T10:00:00+05:30,IIIT-Delhi Academic Block,energy,44.9864,kWh
2014-06-06T11:00:00+05:30,IIIT-Delhi Academic Block,energy,49.443,kWh
2014-06-06T12:00:00+05:30,IIIT-Delhi Academic Block,energy,50.581,kWh
2014-06-06T13:00:00+05:30,IIIT-Delhi Academic Block,energy,47.9349,kWh
2014-06-06T14:00:00+05:30,IIIT-Delhi Academic Block,energy,47.2698,kWh
2014-06-06T15:00:00+05:30,IIIT-Delhi Academic Block,energy,49.229,kWh
2014-06-06T16:00:00+05:30,IIIT-Delhi Academic Block,energy,47.979,kWh
2014-06-06T17:00:00+05:30,IIIT-Delhi Academic Block,energy,41.7094,kWh
2014-06-06T18:00:00+05:30,IIIT-Delhi Academic Block,energy,36.2975,kWh
2014-06-06T19:00:00+05:30,IIIT-Delhi Academic Block,energy,25.4459,kWh
2014-06-06T20:00:00+05:30,IIIT-Delhi Academic Block,energy,20.7781,kWh
2014-06-06T21:00:00+05:30,IIIT-Delhi Academic Block,energy,18.6089,kWh
2014-06-06T22:00:00+05:30,IIIT-Delhi Academic Block,energy,23.3983,kWh
2014-06-06T23:00:00+05:30,IIIT-Delhi Academic Block,energy,22.2136,kWh
2014-06-07T00:00:00+05:30,IIIT-Delhi Academic Block,energy,21.8879,kWh
2014-06-07T01:00:00+05:30,IIIT-Delhi Academic Block,energy,20.4999,kWh
2014-06-07T02:00:00+05:30,IIIT-Delhi Academic Block,energy,18.8173,kWh
2014-06-07T03:00:00+05:30,IIIT-Delhi Academic Block,energy,18.7619,kWh
2014-06-07T04:00:00+05:30,IIIT-Delhi Academic Block,energy,18.738,kWh
2014-06-07T05:00:00+05:30,IIIT-Delhi Academic Block,energy,12.3164,kWh
2014-06-07T06:00:00+05:30,IIIT-Delhi Academic Block,energy,9.7952,kWh
2014-06-07T07:00:00+05:30,IIIT-Delhi Academic Block,energy,8.4356,kWh
2014-06-07T08:00:00+05:30,IIIT-Delhi Academic Block,energy,9.0565,kWh
2014-06-07T09:00:00+05:30,IIIT-Delhi Academic Block,energy,21.0523,kWh
2014-06-07T10:00:00+05:30,IIIT-Delhi Academic Block,energy,34.3996,kWh
2014-06-07T11:00:00+05:30,IIIT-Delhi Academic Block,energy,35.7628,kWh
2014-06-07T12:00:00+05:30,IIIT-Delhi Academic Block,energy,35.9482,kWh
2014-06-07T13:00:00+05:30,IIIT-Delhi Academic Block,energy,37.6585,kWh
2014-06-07T14:00:00+05:30,IIIT-Delhi Academic Block,energy,36.4549,kWh
2014-06-07T15:00:00+05:30,IIIT-Delhi Academic Block,energy,36.1802,kWh
2014-06-07T16:00:00+05:30,IIIT-Delhi Academic Block,energy,32.8061,kWh
2014-06-07T17:00:00+05:30,IIIT-Delhi Academic Block,energy,29.6974,kWh
2014-06-07T18:00:00+05:30,IIIT-Delhi Academic Block,energy,22.2373,kWh
2014-06-07T19:00:00+05:30,IIIT-Delhi Academic Block,energy,16.5051,kWh
2014-06-07T20:00:00+05:30,IIIT-Delhi Academic Block,energy,17.6555,kWh
2014-06-07T21:00:00+05:30,IIIT-Delhi Academic Block,energy,16.8259,kWh
2014-06-07T22:00:00+05:30,IIIT-Delhi Academic Block,energy,19.5863,kWh
2014-06-07T23:00:00+05:30,IIIT-Delhi Academic Block,energy,21.0927,kWh
2014-06-08T00:00:00+05:30,IIIT-Delhi Academic Block,energy,21.867,kWh
2014-06-08T01:00:00+05:30,IIIT-Delhi Academic Block,energy,20.5168,kWh
2014-06-08T02:00:00+05:30,IIIT-Delhi Academic Block,energy,19.5943,kWh
2014-06-08T03:00:00+05:30,IIIT-Delhi Academic Block,energy,20.943,kWh
2014-06-08T04:00:00+05:30,IIIT-Delhi Academic Block,energy,18.6239,kWh
2014-06-08T05:00:00+05:30,IIIT-Delhi Academic Block,energy,11.5485,kWh
2014-06-08T06:00:00+05:30,IIIT-Delhi Academic Block,energy,9.4704,kWh
2014-06-08T07:00:00+05:30,IIIT-Delhi Academic Block,energy,11.0025,kWh
2014-06-08T08:00:00+05:30,IIIT-Delhi Academic Block,energy,8.6349,kWh
2014-06-08T09:00:00+05:30,IIIT-Delhi Academic Block,energy,9.165,kWh
2014-06-08T10:00:00+05:30,IIIT-Delhi Academic Block,energy,10.3402,kWh
2014-06-08T11:00:00+05:30,IIIT-Delhi Academic Block,energy,13.0616,kWh
2014-06-08T12:00:00+05:30,IIIT-Delhi Academic Block,energy,13.0696,kWh
2014-06-08T13:00:00+05:30,IIIT-Delhi Academic Block,energy,12.7083,kWh
2014-06-08T14:00:00+05:30,IIIT-Delhi Academic Block,energy,13.6658,kWh
2014-06-08T15:00:00+05:30,IIIT-Delhi Academic Block,energy,16.2985,kWh
2014-06-08T16:00:00+05:30,IIIT-Delhi Academic Block,energy,15.8831,kWh
2014-06-08T17:00:00+05:30,IIIT-Delhi Academic Block,energy,14.1116,kWh
2014-06-08T18:00:00+05:30,IIIT-Delhi Academic Block,energy,16.8034,kWh
2014-06-08T19:00:00+05:30,IIIT-Delhi Academic Block,energy,21.6886,kWh
2014-06-08T20:00:00+05:30,IIIT-Delhi Academic Block,energy,20.4664,kWh
2014-06-08T21:00:00+05:30,IIIT-Delhi Academic Block,energy,17.4581,kWh
2014-06-08T22:00:00+05:30,IIIT-Delhi Academic Block,energy,20.335,kWh
2014-06-08T23:00:00+05:30,IIIT-Delhi Academic Block,energy,19.5987,kWh
2014-06-09T00:00:00+05:30,IIIT-Delhi Academic Block,energy,18.742,kWh
2014-06-09T01:00:00+05:30,IIIT-Delhi Academic Block,energy,18.9118,kWh
2014-06-09T02:00:00+05:30,IIIT-Delhi Academic Block,energy,15.8674,kWh
2014-06-09T03:00:00+05:30,IIIT-Delhi Academic Block,energy,15.5059,kWh
2014-06-09T04:00:00+05:30,IIIT-Delhi Academic Block,energy,15.4728,kWh
2014-06-09T05:00:00+05:30,IIIT-Delhi Academic Block,energy,9.704,kWh
2014-06-09T06:00:00+05:30,IIIT-Delhi Academic Block,energy,7.4229,kWh
2014-06-09T07:00:00+05:30,IIIT-Delhi Academic Block,energy,8.1825,kWh
2014-06-09T08:00:00+05:30,IIIT-Delhi Academic Block,energy,16.0425,kWh
2014-06-09T09:00:00+05:30,IIIT-Delhi Academic Block,energy,40.2405,kWh
2014-06-09T10:00:00+05:30,IIIT-Delhi Academic Block,energy,42.3003,kWh
2014-06-09T11:00:00+05:30,IIIT-Delhi Academic Block,energy,44.0671,kWh
2014-06-09T12:00:00+05:30,IIIT-Delhi Academic Block,energy,45.1919,kWh
2014-06-09T13:00:00+05:30,IIIT-Delhi Academic Block,energy,45.481,kWh
2014-06-09T14:00:00+05:30,IIIT-Delhi Academic Block,energy,44.6937,kWh
2014-06-09T15:00:00+05:30,IIIT-Delhi Academic Block,energy,44.5135,kWh
2014-06-09T16:00:00+05:30,IIIT-Delhi Academic Block,energy,48.0213,kWh
2014-06-09T17:00:00+05:30,IIIT-Delhi Academic Block,energy,44.2838,kWh
2014-06-09T18:00:00+05:30,IIIT-Delhi Academic Block,energy,40.9424,kWh
2014-06-09T19:00:00+05:30,IIIT-Delhi Academic Block,energy,29.4617,kWh
2014-06-09T20:00:00+05:30,IIIT-Delhi Academic Block,energy,21.91,kWh
2014-06-09T21:00:00+05:30,IIIT-Delhi Academic Block,energy,20.9446,kWh
2014-06-09T22:00:00+05:30,IIIT-Delhi Academic Block,energy,34.8514,kWh
2014-06-09T23:00:00+05:30,IIIT-Delhi Academic Block,energy,35.8079,kWh
2014-06-10T00:00:00+05:30,IIIT-Delhi Academic Block,energy,37.1462,kWh
2014-06-10T01:00:00+05:30,IIIT-Delhi Academic Block,energy,33.9041,kWh
2014-06-10T02:00:00+05:30,IIIT-Delhi Academic Block,energy,21.4596,kWh
2014-06-10T03:00:00+05:30,IIIT-Delhi Academic Block,energy,14.6344,kWh
2014-06-10T04:00:00+05:30,IIIT-Delhi Academic Block,energy,13.6074,kWh
2014-06-10T05:00:00+05:30,IIIT-Delhi Academic Block,energy,8.8253,kWh
2014-06-10T06:00:00+05:30,IIIT-Delhi Academic Block,energy,7.3897,kWh
2014-06-10T07:00:00+05:30,IIIT-Delhi Academic Block,energy,8.1675,kWh
2014-06-10T08:00:00+05:30,IIIT-Delhi Academic Block,energy,9.8887,kWh
2014-06-10T09:00:00+05:30,IIIT-Delhi Academic Block,energy,28.867,kWh
2014-06-10T10:00:00+05:30,IIIT-Delhi Academic Block,energy,41.7097,kWh
2014-06-10T11:00:00+05:30,IIIT-Delhi Academic Block,energy,44.3254,kWh
2014-06-10T12:00:00+05:30,IIIT-Delhi Academic Block,energy,44.9359,kWh
2014-06-10T13:00:00+05:30,IIIT-Delhi Academic Block,energy,46.8129,kWh
2014-06-10T14:00:00+05:30,IIIT-Delhi Academic Block,energy,46.4934,kWh
2014-06-10T15:00:00+05:30,IIIT-Delhi Academic Block,energy,48.8558,kWh
2014-06-10T16:00:00+05:30,IIIT-Delhi Academic Block,energy,47.7032,kWh
2014-06-10T17:00:00+05:30,IIIT-Delhi Academic Block,energy,46.2807,kWh
2014-06-10T18:00:00+05:30,IIIT-Delhi Academic Block,energy,30.2748,kWh
2014-06-10T19:00:00+05:30,IIIT-Delhi Academic Block,energy,26.179,kWh
2014-06-10T20:00:00+05:30,IIIT-Delhi Academic Block,energy,26.5094,kWh
2014-06-10T21:00:00+05:30,IIIT-Delhi Academic Block,energy,31.0559,kWh
2014-06-10T22:00:00+05:30,IIIT-Delhi Academic Block,energy,35.8035,kWh
2014-06-10T23:00:00+05:30,IIIT-Delhi Academic Block,energy,34.1756,kWh
2014-06-11T00:00:00+05:30,IIIT-Delhi Academic Block,energy,24.7562,kWh
2014-06-11T01:00:00+05:30,IIIT-Delhi Academic Block,energy,22.2073,kWh
2014-06-11T02:00:00+05:30,IIIT-Delhi Academic Block,energy,22.3855,kWh
2014-06-11T03:00:00+05:30,IIIT-Delhi Academic Block,energy,19.9347,kWh
2014-06-11T04:00:00+05:30,IIIT-Delhi Academic Block,energy,18.3539,kWh
2014-06-11T05:00:00+05:30,IIIT-Delhi Academic Block,energy,13.7946,kWh
2014-06-11T06:00:00+05:30,IIIT-Delhi Academic Block,energy,11.8735,kWh
2014-06-11T07:00:00+05:30,IIIT-Delhi Academic Block,energy,12.6829,kWh
2014-06-11T08:00:00+05:30,IIIT-Delhi Academic Block,energy,31.0928,kWh
2014-06-11T09:00:00+05:30,IIIT-Delhi Academic Block,energy,39.3318,kWh
2014-06-11T10:00:00+05:30,IIIT-Delhi Academic Block,energy,44.1087,kWh
2014-06-11T11:00:00+05:30,IIIT-Delhi Academic Block,energy,47.0058,kWh
2014-06-11T12:00:00+05:30,IIIT-Delhi Academic Block,energy,48.1638,kWh
2014-06-11T13:00:00+05:30,IIIT-Delhi Academic Block,energy,47.4688,kWh
2014-06-11T14:00:00+05:30,IIIT-Delhi Academic Block,energy,45.1216,kWh
2014-06-11T15:00:00+05:30,IIIT-Delhi Academic Block,energy,43.6289,kWh
2014-06-11T16:00:00+05:30,IIIT-Delhi Academic Block,energy,48.2108,kWh
2014-06-11T17:00:00+05:30,IIIT-Delhi Academic Block,energy,44.9385,kWh
2014-06-11T18:00:00+05:30,IIIT-Delhi Academic Block,energy,30.3571,kWh
2014-06-11T19:00:00+05:30,IIIT-Delhi Academic Block,energy,21.5541,kWh
2014-06-11T20:00:00+05:30,IIIT-Delhi Academic Block,energy,23.2746,kWh
2014-06-11T21:00:00+05:30,IIIT-Delhi Academic Block,energy,31.4863,kWh
2014-06-11T22:00:00+05:30,IIIT-Delhi Academic Block,energy,33.2605,kWh
2014-06-11T23:00:00+05:30,IIIT-Delhi Academic Block,energy,32.3758,kWh
2014-06-12T00:00:00+05:30,IIIT-Delhi Academic Block,energy,20.4328,kWh
2014-06-12T01:00:00+05:30,IIIT-Delhi Academic Block,energy,18.1878,kWh
2014-06-12T02:00:00+05:30,IIIT-Delhi Academic Block,energy,18.2919,kWh
2014-06-12T03:00:00+05:30,IIIT-Delhi Academic Block,energy,16.6283,kWh
2014-06-12T04:00:00+05:30,IIIT-Delhi Academic Block,energy,14.5278,kWh
2014-06-12T05:00:00+05:30,IIIT-Delhi Academic Block,energy,9.4127,kWh
2014-06-12T06:00:00+05:30,IIIT-Delhi Academic Block,energy,8.2561,kWh
2014-06-12T07:00:00+05:30,IIIT-Delhi Academic Block,energy,15.7161,kWh
2014-06-12T08:00:00+05:30,IIIT-Delhi Academic Block,energy,22.82,kWh
2014-06-12T09:00:00+05:30,IIIT-Delhi Academic Block,energy,33.1562,kWh
2014-06-12T10:00:00+05:30,IIIT-Delhi Academic Block,energy,41.9063,kWh
2014-06-12T11:00:00+05:30,IIIT-Delhi Academic Block,energy,45.1982,kWh
2014-06-12T12:00:00+05:30,IIIT-Delhi Academic Block,energy,47.3729,kWh
2014-06-12T13:00:00+05:30,IIIT-Delhi Academic Block,energy,44.2193,kWh
2014-06-12T14:00:00+05:30,IIIT-Delhi Academic Block,energy,38.6227,kWh
2014-06-12T15:00:00+05:30,IIIT-Delhi Academic Block,energy,45.1821,kWh
2014-06-12T16:00:00+05:30,IIIT-Delhi Academic Block,energy,46.9548,kWh
2014-06-12T17:00:00+05:30,IIIT-Delhi Academic Block,energy,41.367,kWh
2014-06-12T18:00:00+05:30,IIIT-Delhi Academic Block,energy,33.7533,kWh
2014-06-12T19:00:00+05:30,IIIT-Delhi Academic Block,energy,20.352,kWh
2014-06-12T20:00:00+05:30,IIIT-Delhi Academic Block,energy,18.7257,kWh
2014-06-12T21:00:00+05:30,IIIT-Delhi Academic Block,energy,27.962,kWh
2014-06-12T22:00:00+05:30,IIIT-Delhi Academic Block,energy,31.1482,kWh
2014-06-12T23:00:00+05:30,IIIT-Delhi Academic Block,energy,30.7634,kWh
2014-06-13T00:00:00+05:30,IIIT-Delhi Academic Block,energy,28.2928,kWh
2014-06-13T01:00:00+05:30,IIIT-Delhi Academic Block,energy,18.7674,kWh
2014-06-13T02:00:00+05:30,IIIT-Delhi Academic Block,energy,17.4409,kWh
2014-06-13T03:00:00+05:30,IIIT-Delhi Academic Block,energy,15.7881,kWh
2014-06-13T04:00:00+05:30,IIIT-Delhi Academic Block,energy,14.91,kWh
2014-06-13T05:00:00+05:30,IIIT-Delhi Academic Block,energy,9.7644,kWh
2014-06-13T06:00:00+05:30,IIIT-Delhi Academic Block,energy,7.6824,kWh
2014-06-13T07:00:00+05:30,IIIT-Delhi Academic Block,energy,21.5425,kWh
2014-06-13T08:00:00+05:30,IIIT-Delhi Academic Block,energy,29.9883,kWh
2014-06-13T09:00:00+05:30,IIIT-Delhi Academic Block,energy,33.3829,kWh
2014-06-13T10:00:00+05:30,IIIT-Delhi Academic Block,energy,36.8358,kWh
2014-06-13T11:00:00+05:30,IIIT-Delhi Academic Block,energy,43.0775,kWh
2014-06-13T12:00:00+05:30,IIIT-Delhi Academic Block,energy,48.3823,kWh
2014-06-13T13:00:00+05:30,IIIT-Delhi Academic Block,energy,47.2431,kWh
2014-06-13T14:00:00+05:30,IIIT-Delhi Academic Block,energy,48.7766,kWh
2014-06-13T15:00:00+05:30,IIIT-Delhi Academic Block,energy,48.9999,kWh
2014-06-13T16:00:00+05:30,IIIT-Delhi Academic Block,energy,46.2156,kWh
2014-06-13T17:00:00+05:30,IIIT-Delhi Academic Block,energy,42.0732,kWh
2014-06-13T18:00:00+05:30,IIIT-Delhi Academic Block,energy,30.9899,kWh
2014-06-13T19:00:00+05:30,IIIT-Delhi Academic Block,energy,19.6515,kWh
2014-06-13T20:00:00+05:30,IIIT-Delhi Academic Block,energy,19.7124,kWh
2014-06-13T21:00:00+05:30,IIIT-Delhi Academic Block,energy,29.2516,kWh
2014-06-13T22:00:00+05:30,IIIT-Delhi Academic Block,energy,31.6864,kWh
2014-06-13T23:00:00+05:30,IIIT-Delhi Academic Block,energy,32.0997,kWh
2014-06-14T00:00:00+05:30,IIIT-Delhi Academic Block,energy,23.2567,kWh
2014-06-14T01:00:00+05:30,IIIT-Delhi Academic Block,energy,16.5191,kWh
2014-06-14T02:00:00+05:30,IIIT-Delhi Academic Block,energy,16.1458,kWh
2014-06-14T03:00:00+05:30,IIIT-Delhi Academic Block,energy,15.9215,kWh
2014-06-14T04:00:00+05:30,IIIT-Delhi Academic Block,energy,15.5513,kWh
2014-06-14T05:00:00+05:30,IIIT-Delhi Academic Block,energy,11.3781,kWh
2014-06-14T06:00:00+05:30,IIIT-Delhi Academic Block,energy,7.5196,kWh
2014-06-14T07:00:00+05:30,IIIT-Delhi Academic Block,energy,17.5808,kWh
2014-06-14T08:00:00+05:30,IIIT-Delhi Academic Block,energy,28.1951,kWh
2014-06-14T09:00:00+05:30,IIIT-Delhi Academic Block,energy,29.3528,kWh
2014-06-14T10:00:00+05:30,IIIT-Delhi Academic Block,energy,33.4089,kWh
2014-06-14T11:00:00+05:30,IIIT-Delhi Academic Block,energy,38.6037,kWh
2014-06-14T12:00:00+05:30,IIIT-Delhi Academic Block,energy,39.6563,kWh
2014-06-14T13:00:00+05:30,IIIT-Delhi Academic Block,energy,33.412,kWh
2014-06-14T14:00:00+05:30,IIIT-Delhi Academic Block,energy,35.583,kWh
2014-06-14T15:00:00+05:30,IIIT-Delhi Academic Block,energy,33.4331,kWh
2014-06-14T16:00:00+05:30,IIIT-Delhi Academic Block,energy,32.096,kWh
2014-06-14T17:00:00+05:30,IIIT-Delhi Academic Block,energy,29.0268,kWh
2014-06-14T18:00:00+05:30,IIIT-Delhi Academic Block,energy,19.3608,kWh
2014-06-14T19:00:00+05:30,IIIT-Delhi Academic Block,energy,16.2839,kWh
2014-06-14T20:00:00+05:30,IIIT-Delhi Academic Block,energy,15.8386,kWh
2014-06-14T21:00:00+05:30,IIIT-Delhi Academic Block,energy,15.4037,kWh
2014-06-14T22:00:00+05:30,IIIT-Delhi Academic Block,energy,18.1392,kWh
2014-06-14T23:00:00+05:30,IIIT-Delhi Academic Block,energy,17.8383,kWh
2014-06-15T00:00:00+05:30,IIIT-Delhi Academic Block,energy,18.3022,kWh
2014-06-15T01:00:00+05:30,IIIT-Delhi Academic Block,energy,17.0967,kWh
2014-06-15T02:00:00+05:30,IIIT-Delhi Academic Block,energy,15.803,kWh
2014-06-15T03:00:00+05:30,IIIT-Delhi Academic Block,energy,15.1416,kWh
2014-06-15T04:00:00+05:30,IIIT-Delhi Academic Block,energy,14.4415,kWh
2014-06-15T05:00:00+05:30,IIIT-Delhi Academic Block,energy,9.0299,kWh
2014-06-15T06:00:00+05:30,IIIT-Delhi Academic Block,energy,7.6517,kWh
2014-06-15T07:00:00+05:30,IIIT-Delhi Academic Block,energy,7.2183,kWh
2014-06-15T08:00:00+05:30,IIIT-Delhi Academic Block,energy,7.2208,kWh
2014-06-15T09:00:00+05:30,IIIT-Delhi Academic Block,energy,7.1342,kWh
2014-06-15T10:00:00+05:30,IIIT-Delhi Academic Block,energy,7.7615,kWh
2014-06-15T11:00:00+05:30,IIIT-Delhi Academic Block,energy,9.5613,kWh
2014-06-15T12:00:00+05:30,IIIT-Delhi Academic Block,energy,13.3079,kWh
2014-06-15T13:00:00+05:30,IIIT-Delhi Academic Block,energy,13.5817,kWh
2014-06-15T14:00:00+05:30,IIIT-Delhi Academic Block,energy,13.8618,kWh
2014-06-15T15:00:00+05:30,IIIT-Delhi Academic Block,energy,13.8949,kWh
2014-06-15T16:00:00+05:30,IIIT-Delhi Academic Block,energy,13.9724,kWh
2014-06-15T17:00:00+05:30,IIIT-Delhi Academic Block,energy,12.3055,kWh
2014-06-15T18:00:00+05:30,IIIT-Delhi Academic Block,energy,12.948,kWh
2014-06-15T19:00:00+05:30,IIIT-Delhi Academic Block,energy,16.3608,kWh
2014-06-15T20:00:00+05:30,IIIT-Delhi Academic Block,energy,16.749,kWh
2014-06-15T21:00:00+05:30,IIIT-Delhi Academic Block,energy,16.2495,kWh
2014-06-15T22:00:00+05:30,IIIT-Delhi Academic Block,energy,17.6653,kWh
2014-06-15T23:00:00+05:30,IIIT-Delhi Academic Block,energy,17.6086,kWh
2014-06-16T00:00:00+05:30,IIIT-Delhi Academic Block,energy,17.7961,kWh
2014-06-16T01:00:00+05:30,IIIT-Delhi Academic Block,energy,17.3717,kWh
2014-06-16T02:00:00+05:30,IIIT-Delhi Academic Block,energy,17.0692,kWh
2014-06-16T03:00:00+05:30,IIIT-Delhi Academic Block,energy,16.1805,kWh
2014-06-16T04:00:00+05:30,IIIT-Delhi Academic Block,energy,15.027,kWh
2014-06-16T05:00:00+05:30,IIIT-Delhi Academic Block,energy,8.9019,kWh
2014-06-16T06:00:00+05:30,IIIT-Delhi Academic Block,energy,6.8602,kWh
2014-06-16T07:00:00+05:30,IIIT-Delhi Academic Block,energy,14.6185,kWh
2014-06-16T08:00:00+05:30,IIIT-Delhi Academic Block,energy,29.8921,kWh
2014-06-16T09:00:00+05:30,IIIT-Delhi Academic Block,energy,35.102,kWh
2014-06-16T10:00:00+05:30,IIIT-Delhi Academic Block,energy,40.9876,kWh
2014-06-16T11:00:00+05:30,IIIT-Delhi Academic Block,energy,47.2574,kWh
2014-06-16T12:00:00+05:30,IIIT-Delhi Academic Block,energy,45.8295,kWh
2014-06-16T13:00:00+05:30,IIIT-Delhi Academic Block,energy,47.801,kWh
2014-06-16T14:00:00+05:30,IIIT-Delhi Academic Block,energy,46.8865,kWh
2014-06-16T15:00:00+05:30,IIIT-Delhi Academic Block,energy,46.2444,kWh
2014-06-16T16:00:00+05:30,IIIT-Delhi Academic Block,energy,46.2661,kWh
2014-06-16T17:00:00+05:30,IIIT-Delhi Academic Block,energy,43.0124,kWh
2014-06-16T18:00:00+05:30,IIIT-Delhi Academic Block,energy,22.557,kWh
2014-06-16T19:00:00+05:30,IIIT-Delhi Academic Block,energy,23.9924,kWh
2014-06-16T20:00:00+05:30,IIIT-Delhi Academic Block,energy,25.0602,kWh
2014-06-16T21:00:00+05:30,IIIT-Delhi Academic Block,energy,33.5325,kWh
2014-06-16T22:00:00+05:30,IIIT-Delhi Academic Block,energy,39.3149,kWh
2014-06-16T23:00:00+05:30,IIIT-Delhi Academic Block,energy,35.6844,kWh
2014-06-17T00:00:00+05:30,IIIT-Delhi Academic Block,energy,27.1065,kWh
2014-06-17T01:00:00+05:30,IIIT-Delhi Academic Block,energy,21.6134,kWh
2014-06-17T02:00:00+05:30,IIIT-Delhi Academic Block,energy,21.9429,kWh
2014-06-17T03:00:00+05:30,IIIT-Delhi Academic Block,energy,21.637,kWh
2014-06-17T04:00:00+05:30,IIIT-Delhi Academic Block,energy,17.4511,kWh
2014-06-17T05:00:00+05:30,IIIT-Delhi Academic Block,energy,11.9607,kWh
2014-06-17T06:00:00+05:30,IIIT-Delhi Academic Block,energy,9.1336,kWh
2014-06-17T07:00:00+05:30,IIIT-Delhi Academic Block,energy,10.2856,kWh
2014-06-17T08:00:00+05:30,IIIT-Delhi Academic Block,energy,27.3723,kWh
2014-06-17T09:00:00+05:30,IIIT-Delhi Academic Block,energy,35.6716,kWh
2014-06-17T10:00:00+05:30,IIIT-Delhi Academic Block,energy,42.5423,kWh
2014-06-17T11:00:00+05:30,IIIT-Delhi Academic Block,energy,47.6,kWh
2014-06-17T12:00:00+05:30,IIIT-Delhi Academic Block,energy,48.2514,kWh
2014-06-17T13:00:00+05:30,IIIT-Delhi Academic Block,energy,46.0069,kWh
2014-06-17T14:00:00+05:30,IIIT-Delhi Academic Block,energy,46.3864,kWh
2014-06-17T15:00:00+05:30,IIIT-Delhi Academic Block,energy,46.1985,kWh
2014-06-17T16:00:00+05:30,IIIT-Delhi Academic Block,energy,45.3501,kWh
2014-06-17T17:00:00+05:30,IIIT-Delhi Academic Block,energy,43.3538,kWh
2014-06-17T18:00:00+05:30,IIIT-Delhi Academic Block,energy,21.8381,kWh
2014-06-17T19:00:00+05:30,IIIT-Delhi Academic Block,energy,20.4195,kWh
2014-06-17T20:00:00+05:30,IIIT-Delhi Academic Block,energy,23.543,kWh
2014-06-17T21:00:00+05:30,IIIT-Delhi Academic Block,energy,22.7386,kWh
2014-06-17T22:00:00+05:30,IIIT-Delhi Academic Block,energy,21.9322,kWh
2014-06-17T23:00:00+05:30,IIIT-Delhi Academic Block,energy,19.2303,kWh
2014-06-18T00:00:00+05:30,IIIT-Delhi Academic Block,energy,19.5792,kWh
2014-06-18T01:00:00+05:30,IIIT-Delhi Academic Block,energy,16.6296,kWh
2014-06-18T02:00:00+05:30,IIIT-Delhi Academic Block,energy,15.6687,kWh
2014-06-18T03:00:00+05:30,IIIT-Delhi Academic Block,energy,15.1122,kWh
2014-06-18T04:00:00+05:30,IIIT-Delhi Academic Block,energy,15.2969,kWh
2014-06-18T05:00:00+05:30,IIIT-Delhi Academic Block,energy,9.641,kWh
2014-06-18T06:00:00+05:30,IIIT-Delhi Academic Block,energy,9.1592,kWh
2014-06-18T07:00:00+05:30,IIIT-Delhi Academic Block,energy,16.2153,kWh
2014-06-18T08:00:00+05:30,IIIT-Delhi Academic Block,energy,25.4686,kWh
2014-06-18T09:00:00+05:30,IIIT-Delhi Academic Block,energy,40.9622,kWh
2014-06-18T10:00:00+05:30,IIIT-Delhi Academic Block,energy,46.8143,kWh
2014-06-18T11:00:00+05:30,IIIT-Delhi Academic Block,energy,47.558,kWh
2014-06-18T12:00:00+05:30,IIIT-Delhi Academic Block,energy,50.6959,kWh
2014-06-18T13:00:00+05:30,IIIT-Delhi Academic Block,energy,48.5534,kWh
2014-06-18T14:00:00+05:30,IIIT-Delhi Academic Block,energy,49.7704,kWh
2014-06-18T15:00:00+05:30,IIIT-Delhi Academic Block,energy,47.3403,kWh
2014-06-18T16:00:00+05:30,IIIT-Delhi Academic Block,energy,46.5505,kWh
2014-06-18T17:00:00+05:30,IIIT-Delhi Academic Block,energy,45.4542,kWh
2014-06-18T18:00:00+05:30,IIIT-Delhi Academic Block,energy,34.9269,kWh
2014-06-18T19:00:00+05:30,IIIT-Delhi Academic Block,energy,25.9147,kWh
2014-06-18T20:00:00+05:30,IIIT-Delhi Academic Block,energy,24.5677,kWh
2014-06-18T21:00:00+05:30,IIIT-Delhi Academic Block,energy,36.2394,kWh
2014-06-18T22:00:00+05:30,IIIT-Delhi Academic Block,energy,42.2851,kWh
2014-06-18T23:00:00+05:30,IIIT-Delhi Academic Block,energy,40.3249,kWh
2014-06-19T00:00:00+05:30,IIIT-Delhi Academic Block,energy,37.8308,kWh
2014-06-19T01:00:00+05:30,IIIT-Delhi Academic Block,energy,34.226,kWh
2014-06-19T02:00:00+05:30,IIIT-Delhi Academic Block,energy,32.2793,kWh
2014-06-19T03:00:00+05:30,IIIT-Delhi Academic Block,energy,31.0796,kWh
2014-06-19T04:00:00+05:30,IIIT-Delhi Academic Block,energy,30.1629,kWh
2014-06-19T05:00:00+05:30,IIIT-Delhi Academic Block,energy,24.6102,kWh
2014-06-19T06:00:00+05:30,IIIT-Delhi Academic Block,energy,21.8392,kWh
2014-06-19T07:00:00+05:30,IIIT-Delhi Academic Block,energy,27.566,kWh
2014-06-19T08:00:00+05:30,IIIT-Delhi Academic Block,energy,31.8076,kWh
2014-06-19T09:00:00+05:30,IIIT-Delhi Academic Block,energy,38.2911,kWh
2014-06-19T10:00:00+05:30,IIIT-Delhi Academic Block,energy,45.5406,kWh
2014-06-19T11:00:00+05:30,IIIT-Delhi Academic Block,energy,47.7355,kWh
2014-06-19T12:00:00+05:30,IIIT-Delhi Academic Block,energy,47.183,kWh
2014-06-19T13:00:00+05:30,IIIT-Delhi Academic Block,energy,48.0506,kWh
2014-06-19T14:00:00+05:30,IIIT-Delhi Academic Block,energy,48.4787,kWh
2014-06-19T15:00:00+05:30,IIIT-Delhi Academic Block,energy,48.2675,kWh
2014-06-19T16:00:00+05:30,IIIT-Delhi Academic Block,energy,45.9491,kWh
2014-06-19T17:00:00+05:30,IIIT-Delhi Academic Block,energy,45.5472,kWh
2014-06-19T18:00:00+05:30,IIIT-Delhi Academic Block,energy,37.259,kWh
2014-06-19T19:00:00+05:30,IIIT-Delhi Academic Block,energy,24.3512,kWh
2014-06-19T20:00:00+05:30,IIIT-Delhi Academic Block,energy,23.0012,kWh
2014-06-19T21:00:00+05:30,IIIT-Delhi Academic Block,energy,21.6781,kWh
2014-06-19T22:00:00+05:30,IIIT-Delhi Academic Block,energy,37.2539,kWh
2014-06-19T23:00:00+05:30,IIIT-Delhi Academic Block,energy,36.3311,kWh
2014-06-20T00:00:00+05:30,IIIT-Delhi Academic Block,energy,36.5208,kWh
2014-06-20T01:00:00+05:30,IIIT-Delhi Academic Block,energy,33.5856,kWh
2014-06-20T02:00:00+05:30,IIIT-Delhi Academic Block,energy,31.0166,kWh
2014-06-20T03:00:00+05:30,IIIT-Delhi Academic Block,energy,30.7041,kWh
2014-06-20T04:00:00+05:30,IIIT-Delhi Academic Block,energy,30.2568,kWh
2014-06-20T05:00:00+05:30,IIIT-Delhi Academic Block,energy,24.4162,kWh
2014-06-20T06:00:00+05:30,IIIT-Delhi Academic Block,energy,25.2086,kWh
2014-06-20T07:00:00+05:30,IIIT-Delhi Academic Block,energy,27.8827,kWh
2014-06-20T08:00:00+05:30,IIIT-Delhi Academic Block,energy,31.5129,kWh
2014-06-20T09:00:00+05:30,IIIT-Delhi Academic Block,energy,36.8267,kWh
2014-06-20T10:00:00+05:30,IIIT-Delhi Academic Block,energy,45.4845,kWh
2014-06-20T11:00:00+05:30,IIIT-Delhi Academic Block,energy,45.1122,kWh
2014-06-20T12:00:00+05:30,IIIT-Delhi Academic Block,energy,43.9101,kWh
2014-06-20T13:00:00+05:30,IIIT-Delhi Academic Block,energy,46.7823,kWh
2014-06-20T14:00:00+05:30,IIIT-Delhi Academic Block,energy,46.3561,kWh
2014-06-20T15:00:00+05:30,IIIT-Delhi Academic Block,energy,48.1926,kWh
2014-06-20T16:00:00+05:30,IIIT-Delhi Academic Block,energy,47.689,kWh
2014-06-20T17:00:00+05:30,IIIT-Delhi Academic Block,energy,42.2034,kWh
2014-06-20T18:00:00+05:30,IIIT-Delhi Academic Block,energy,40.5297,kWh
2014-06-20T19:00:00+05:30,IIIT-Delhi Academic Block,energy,44.5401,kWh
2014-06-20T20:00:00+05:30,IIIT-Delhi Academic Block,energy,26.2453,kWh
2014-06-20T21:00:00+05:30,IIIT-Delhi Academic Block,energy,26.2071,kWh
2014-06-20T22:00:00+05:30,IIIT-Delhi Academic Block,energy,36.4404,kWh
2014-06-20T23:00:00+05:30,IIIT-Delhi Academic Block,energy,31.9259,kWh
2014-06-21T00:00:00+05:30,IIIT-Delhi Academic Block,energy,18.406,kWh
2014-06-21T01:00:00+05:30,IIIT-Delhi Academic Block,energy,17.7712,kWh
2014-06-21T02:00:00+05:30,IIIT-Delhi Academic Block,energy,17.449,kWh
2014-06-21T03:00:00+05:30,IIIT-Delhi Academic Block,energy,16.485,kWh
2014-06-21T04:00:00+05:30,IIIT-Delhi Academic Block,energy,15.9365,kWh
2014-06-21T05:00:00+05:30,IIIT-Delhi Academic Block,energy,9.7382,kWh
2014-06-21T06:00:00+05:30,IIIT-Delhi Academic Block,energy,8.7415,kWh
2014-06-21T07:00:00+05:30,IIIT-Delhi Academic Block,energy,8.5828,kWh
2014-06-21T08:00:00+05:30,IIIT-Delhi Academic Block,energy,9.9606,kWh
2014-06-21T09:00:00+05:30,IIIT-Delhi Academic Block,energy,32.0689,kWh
2014-06-21T10:00:00+05:30,IIIT-Delhi Academic Block,energy,40.6877,kWh
2014-06-21T11:00:00+05:30,IIIT-Delhi Academic Block,energy,41.9373,kWh
2014-06-21T12:00:00+05:30,IIIT-Delhi Academic Block,energy,42.744,kWh
2014-06-21T13:00:00+05:30,IIIT-Delhi Academic Block,energy,40.7753,kWh
2014-06-21T14:00:00+05:30,IIIT-Delhi Academic Block,energy,40.9503,kWh
2014-06-21T15:00:00+05:30,IIIT-Delhi Academic Block,energy,40.5365,kWh
2014-06-21T16:00:00+05:30,IIIT-Delhi Academic Block,energy,34.8278,kWh
2014-06-21T17:00:00+05:30,IIIT-Delhi Academic Block,energy,34.5157,kWh
2014-06-21T18:00:00+05:30,IIIT-Delhi Academic Block,energy,23.7288,kWh
2014-06-21T19:00:00+05:30,IIIT-Delhi Academic Block,energy,21.2313,kWh
2014-06-21T20:00:00+05:30,IIIT-Delhi Academic Block,energy,19.106,kWh
2014-06-21T21:00:00+05:30,IIIT-Delhi Academic Block,energy,18.1358,kWh
2014-06-21T22:00:00+05:30,IIIT-Delhi Academic Block,energy,19.2468,kWh
2014-06-21T23:00:00+05:30,IIIT-Delhi Academic Block,energy,20.6781,kWh
2014-06-22T00:00:00+05:30,IIIT-Delhi Academic Block,energy,21.4632,kWh
2014-06-22T01:00:00+05:30,IIIT-Delhi Academic Block,energy,19.7316,kWh
2014-06-22T02:00:00+05:30,IIIT-Delhi Academic Block,energy,17.6847,kWh
2014-06-22T03:00:00+05:30,IIIT-Delhi Academic Block,energy,17.4436,kWh
2014-06-22T04:00:00+05:30,IIIT-Delhi Academic Block,energy,17.1452,kWh
2014-06-22T05:00:00+05:30,IIIT-Delhi Academic Block,energy,10.6506,kWh
2014-06-22T06:00:00+05:30,IIIT-Delhi Academic Block,energy,9.9489,kWh
2014-06-22T07:00:00+05:30,IIIT-Delhi Academic Block,energy,17.3938,kWh
2014-06-22T08:00:00+05:30,IIIT-Delhi Academic Block,energy,24.3399,kWh
2014-06-22T09:00:00+05:30,IIIT-Delhi Academic Block,energy,27.8486,kWh
2014-06-22T10:00:00+05:30,IIIT-Delhi Academic Block,energy,28.4161,kWh
2014-06-22T11:00:00+05:30,IIIT-Delhi Academic Block,energy,29.2358,kWh
2014-06-22T12:00:00+05:30,IIIT-Delhi Academic Block,energy,29.5241,kWh
2014-06-22T13:00:00+05:30,IIIT-Delhi Academic Block,energy,29.6371,kWh
2014-06-22T14:00:00+05:30,IIIT-Delhi Academic Block,energy,32.5955,kWh
2014-06-22T15:00:00+05:30,IIIT-Delhi Academic Block,energy,32.6109,kWh
2014-06-22T16:00:00+05:30,IIIT-Delhi Academic Block,energy,30.6544,kWh
2014-06-22T17:00:00+05:30,IIIT-Delhi Academic Block,energy,31.0745,kWh
2014-06-22T18:00:00+05:30,IIIT-Delhi Academic Block,energy,20.7901,kWh
2014-06-22T19:00:00+05:30,IIIT-Delhi Academic Block,energy,19.7852,kWh
2014-06-22T20:00:00+05:30,IIIT-Delhi Academic Block,energy,21.3189,kWh
2014-06-22T21:00:00+05:30,IIIT-Delhi Academic Block,energy,21.5968,kWh
2014-06-22T22:00:00+05:30,IIIT-Delhi Academic Block,energy,20.4605,kWh
2014-06-22T23:00:00+05:30,IIIT-Delhi Academic Block,energy,20.1659,kWh
2014-06-23T00:00:00+05:30,IIIT-Delhi Academic Block,energy,21.6904,kWh
2014-06-23T01:00:00+05:30,IIIT-Delhi Academic Block,energy,19.4761,kWh
2014-06-23T02:00:00+05:30,IIIT-Delhi Academic Block,energy,18.5079,kWh
2014-06-23T03:00:00+05:30,IIIT-Delhi Academic Block,energy,18.0454,kWh
2014-06-23T04:00:00+05:30,IIIT-Delhi Academic Block,energy,17.8077,kWh
2014-06-23T05:00:00+05:30,IIIT-Delhi Academic Block,energy,12.7042,kWh
2014-06-23T06:00:00+05:30,IIIT-Delhi Academic Block,energy,8.5465,kWh
2014-06-23T07:00:00+05:30,IIIT-Delhi Academic Block,energy,19.8807,kWh
2014-06-23T08:00:00+05:30,IIIT-Delhi Academic Block,energy,31.3324,kWh
2014-06-23T09:00:00+05:30,IIIT-Delhi Academic Block,energy,36.6264,kWh
2014-06-23T10:00:00+05:30,IIIT-Delhi Academic Block,energy,42.7286,kWh
2014-06-23T11:00:00+05:30,IIIT-Delhi Academic Block,energy,42.953,kWh
2014-06-23T12:00:00+05:30,IIIT-Delhi Academic Block,energy,41.8448,kWh
2014-06-23T13:00:00+05:30,IIIT-Delhi Academic Block,energy,41.2263,kWh
2014-06-23T14:00:00+05:30,IIIT-Delhi Academic Block,energy,42.7932,kWh
2014-06-23T15:00:00+05:30,IIIT-Delhi Academic Block,energy,41.7538,kWh
2014-06-23T16:00:00+05:30,IIIT-Delhi Academic Block,energy,41.6557,kWh
2014-06-23T17:00:00+05:30,IIIT-Delhi Academic Block,energy,41.31,kWh
2014-06-23T18:00:00+05:30,IIIT-Delhi Academic Block,energy,21.3053,kWh
2014-06-23T19:00:00+05:30,IIIT-Delhi Academic Block,energy,20.5679,kWh
2014-06-23T20:00:00+05:30,IIIT-Delhi Academic Block,energy,18.7813,kWh
2014-06-23T21:00:00+05:30,IIIT-Delhi Academic Block,energy,18.4973,kWh
2014-06-23T22:00:00+05:30,IIIT-Delhi Academic Block,energy,20.2612,kWh
2014-06-23T23:00:00+05:30,IIIT-Delhi Academic Block,energy,20.8139,kWh
2014-06-24T00:00:00+05:30,IIIT-Delhi Academic Block,energy,19.4933,kWh
2014-06-24T01:00:00+05:30,IIIT-Delhi Academic Block,energy,20.2285,kWh
2014-06-24T02:00:00+05:30,IIIT-Delhi Academic Block,energy,18.202,kWh
2014-06-24T03:00:00+05:30,IIIT-Delhi Academic Block,energy,16.5192,kWh
2014-06-24T04:00:00+05:30,IIIT-Delhi Academic Block,energy,14.9971,kWh
2014-06-24T05:00:00+05:30,IIIT-Delhi Academic Block,energy,8.5447,kWh
2014-06-24T06:00:00+05:30,IIIT-Delhi Academic Block,energy,16.9841,kWh
2014-06-24T07:00:00+05:30,IIIT-Delhi Academic Block,energy,27.4949,kWh
2014-06-24T08:00:00+05:30,IIIT-Delhi Academic Block,energy,30.5713,kWh
2014-06-24T09:00:00+05:30,IIIT-Delhi Academic Block,energy,33.6603,kWh
2014-06-24T10:00:00+05:30,IIIT-Delhi Academic Block,energy,40.1991,kWh
2014-06-24T11:00:00+05:30,IIIT-Delhi Academic Block,energy,42.7134,kWh
2014-06-24T12:00:00+05:30,IIIT-Delhi Academic Block,energy,44.6201,kWh
2014-06-24T13:00:00+05:30,IIIT-Delhi Academic Block,energy,43.1547,kWh
2014-06-24T14:00:00+05:30,IIIT-Delhi Academic Block,energy,41.9603,kWh
2014-06-24T15:00:00+05:30,IIIT-Delhi Academic Block,energy,40.4289,kWh
2014-06-24T16:00:00+05:30,IIIT-Delhi Academic Block,energy,40.4404,kWh
2014-06-24T17:00:00+05:30,IIIT-Delhi Academic Block,energy,38.4438,kWh
2014-06-24T18:00:00+05:30,IIIT-Delhi Academic Block,energy,35.2125,kWh
2014-06-24T19:00:00+05:30,IIIT-Delhi Academic Block,energy,22.1377,kWh
2014-06-24T20:00:00+05:30,IIIT-Delhi Academic Block,energy,21.0939,kWh
2014-06-24T21:00:00+05:30,IIIT-Delhi Academic Block,energy,26.2507,kWh
2014-06-24T22:00:00+05:30,IIIT-Delhi Academic Block,energy,35.3315,kWh
2014-06-24T23:00:00+05:30,IIIT-Delhi Academic Block,energy,34.6984,kWh
